Net, 5way_5shot, 5way_10shot, 10way_5shot, 10way_10shot
SoftNnNet_without_pretrain,0.8872026695907115,0.9075859982430936,0.8451173327207565,0.8826060016453265
