Net,5way_5shot,5way_10shot,10way_5shot,10way_10shot
LabelPropagation_alpha0.5,0.9077840224146844,0.9277359789013863,0.8639020206689836,0.9004629785001276
LabelPropagation_alpha0.6,0.9079440213024614,0.9232559783160686,0.8673046878516674,0.893182978516817
LabelPropagation_alpha0.7,0.9096546887755392,0.9232299787461757,0.8711746864497663,0.8953489796757698
LabelPropagation_alpha0.8,0.9062613553404807,0.9200439786016942,0.8750260198116303,0.8942909799337387
LabelPropagation_alpha0.9,0.9063773542404174,0.9254259788274766,0.8714840224027632,0.8912959811627866
LabelPropagation_alpha0.99,0.9017466886937617,0.8298319782420993,0.8695280206441879,0.8182239819854498
