Net,Meta_Learning,Pretrain, 5way_5shot, 5way_10shot, 10way_5shot, 10way_10shot
ProtoNet,True,True,0.8581173351615667,0.8610859972566365,0.8027913337945938,0.8310009996294975
ProtoNet,False,True,0.7111093344897031,0.6998139998301864,0.6154059992656112,0.6022799981445074
ProtoNet,True,False,0.8426453353494405,0.8495699974149463,0.8004080016106367,0.8105779997348785
ProtoNet,False,False,0.71833200135082,0.7144600000105799,0.6298373328715563,0.6254829986006022
NnNet,True,True,0.9088053364157677,0.9312939978599548,0.873288668638468,0.9038270009577275
NnNet,False,True,0.8776240024030209,0.9139559974730014,0.830467333751917,0.879457000476122
NnNet,True,False,0.9082346698105337,0.9315819987118245,0.8728993349552155,0.9045200011849402
NnNet,False,False,0.8794213354527951,0.9157759975314139,0.8388066673398018,0.8829430002272127
