Net, 5way_5shot, 5way_10shot, 10way_5shot, 10way_10shot
LabelPropagation_alpha0.7_k20_pretrained,0.8930920219719412,0.915207977473736,0.8518673541605472,0.881871978545189
