Net, 5way_5shot, 5way_10shot, 10way_5shot, 10way_10shot
LabelPropagation_alpha0.99,0.0,0.0,0.9055373550355433,0.8482279792249203
LabelPropagation_alpha0.6,0.0,0.0,0.9042880219489335,0.9256459784448146
LabelPropagation_alpha0.5,0.0,0.0,0.8988426894009114,0.9278819785892966
LabelPropagation_alpha0.7,0.0,0.0,0.908754688423872,0.9249779785454274
LabelPropagation_alpha0.9,0.0,0.0,0.9114346881449225,0.9276979790568353
