Net, 5way_5shot, 5way_10shot, 10way_5shot, 10way_10shot
LabelPropagation_alpha0.5_k20_pretrained,0.8913266886651515,0.9199899772346021,0.8486126863241197,0.8743769794344901
