Net, 5way_5shot, 5way_10shot, 10way_5shot, 10way_10shot
ProtoNet,0.8441280025601386,0.8422459984838963,0.7880213335305453,0.8091670000672341
NnNet,0.9042893364071846,0.9249419988632201,0.8648059995353222,0.8943680015444754
SoftNnNet,0.9047746701359749,0.9167559976160528,0.8654606673896312,0.9010270017504693
LabelPropagation,0.8925933555424214,0.9124999784648418,0.8381086861908436,0.8442519796192645
